timestamp,session_id,respondent_id,respondent_label,index,object_id,address,district,area_m2,price_rub,sources,vote,rubric,rubric_class
2026-02-16T09:07:23,18,olya,Оля,0,obj_31,"Стрельна п, Константина Тимошинина ул, 5",Не указан,57.9,16 300 000,Северо-Запад#10/588,right,,
2026-02-16T09:07:31,18,olya,Оля,1,obj_124,"Будапештская ул, 39",Фрунзенский,42,17 500 000,KNRU#580/1313|Северо-Запад#40/588,right,Срочно актуализировать,urgent_refresh
2026-02-16T09:07:44,18,olya,Оля,2,obj_130,"Английский пр-кт, 26",Адмиралтейский,52,11 500 000,KNRU#589/1313|Северо-Запад#42/588,left,Срочно актуализировать,urgent_refresh
2026-02-16T09:07:46,18,olya,Оля,3,obj_44,"Зои Космодемьянской ул, 17/26",Кировский,96,9 900 000,KNRU#33/1313,right,Срочно актуализировать,urgent_refresh
2026-02-16T09:07:47,18,olya,Оля,4,obj_143,"Будапештская ул, 53",Не указан,194.2,56 900 000,Северо-Запад#46/588,left,Срочно актуализировать,urgent_refresh
2026-02-16T09:07:47,18,olya,Оля,5,obj_162,"Народная ул, 39 Б",Не указан,1140,357 000 000,Северо-Запад#52/588,right,Срочно актуализировать,urgent_refresh
2026-02-16T09:07:48,18,olya,Оля,6,obj_2,"Северный пр-кт, 115",Красногвардейский,91.2,29 900 000,KNRU#2/1313|Северо-Запад#9/588,left,,fresh_missing
2026-02-16T09:07:48,18,olya,Оля,7,obj_7,"Костюшко ул, 38",Московский,55.9,16 900 000,KNRU#5/1313|Северо-Запад#14/588,right,,fresh_missing
2026-02-16T09:07:49,18,olya,Оля,8,obj_36,"Кондратьевский пр-кт, 40к14",Калининский,87.6,6 500 000,KNRU#39/1313|Северо-Запад#12/588,left,,fresh_missing
2026-02-16T09:08:14,19,olya,Оля,0,obj_109,"Благодатная ул, 35",Московский,91,29 000 000,KNRU#592/1313|Северо-Запад#35/588,right,Срочно актуализировать,urgent_refresh
2026-02-16T09:08:15,19,olya,Оля,1,obj_109,"Благодатная ул, 35",Московский,91,29 000 000,KNRU#592/1313|Северо-Запад#35/588,right,Срочно актуализировать,urgent_refresh
2026-02-16T09:08:16,19,olya,Оля,2,obj_109,"Благодатная ул, 35",Московский,91,29 000 000,KNRU#592/1313|Северо-Запад#35/588,left,Срочно актуализировать,urgent_refresh
2026-02-16T09:08:16,19,olya,Оля,3,obj_109,"Благодатная ул, 35",Московский,91,29 000 000,KNRU#592/1313|Северо-Запад#35/588,left,Срочно актуализировать,urgent_refresh
2026-02-16T09:08:17,19,olya,Оля,4,obj_109,"Благодатная ул, 35",Московский,91,29 000 000,KNRU#592/1313|Северо-Запад#35/588,left,Срочно актуализировать,urgent_refresh
2026-02-16T09:08:19,19,olya,Оля,0,obj_40,"Просвещения, 53к1 Д",Калининский,418,93 000 000,KNRU#981/1313|Северо-Запад#13/588,right,,fresh_missing
2026-02-16T09:08:19,19,olya,Оля,1,obj_106,"Богатырский пр-кт, 7к9",Приморский,1498.5,380 000 000,KNRU#76/1313|Северо-Запад#394/588,right,,fresh_missing
2026-02-16T09:08:20,19,olya,Оля,2,obj_111,"Шостаковича ул, 3",Выборгский,94,27 000 000,KNRU#594/1313|Северо-Запад#36/588,right,,fresh_missing
2026-02-16T09:08:20,19,olya,Оля,3,obj_117,"Дунайский пр-кт, 34",Фрунзенский,110.8,25 000 000,KNRU#583/1313|Северо-Запад#38/588,left,,fresh_missing
2026-02-16T09:08:21,19,olya,Оля,4,obj_134,"Английский пр-кт, 26",Адмиралтейский,80,14 000 000,KNRU#590/1313|Северо-Запад#43/588,right,,fresh_missing
2026-02-16T09:08:22,19,olya,Оля,5,obj_146,"Косыгина пр-кт, 30к1 А",Красногвардейский,411.9,87 100 000,KNRU#1297/1313|Северо-Запад#47/588,right,,fresh_missing
2026-02-16T09:08:22,19,olya,Оля,6,obj_5,"Фёдора Абрамова, 18к1",Выборгский,20,10 450 000,KNRU#4/1313,right,,fresh_missing
2026-02-16T09:08:22,19,olya,Оля,7,obj_6,"Большеохтинский пр-кт, 12",Не указан,756,100 000 000,Северо-Запад#2/588,right,,fresh_missing
2026-02-16T09:08:23,19,olya,Оля,8,obj_9,"Театральная пл, 16",Не указан,127,35 800 000,Северо-Запад#3/588,right,,fresh_missing
2026-02-16T09:08:23,19,olya,Оля,9,obj_10,"Московский пр-кт, 73к3 А",Адмиралтейский,299,8 500 000,KNRU#7/1313,left,,fresh_missing
2026-02-16T09:08:23,19,olya,Оля,10,obj_18,"Есенина ул, 8к1",Выборгский,27,10 000 000,KNRU#13/1313,left,,fresh_missing
2026-02-16T09:08:23,19,olya,Оля,11,obj_26,"Московский пр-кт, 20",Адмиралтейский,48,10 500 000,KNRU#18/1313,right,,fresh_missing
2026-02-16T09:08:24,19,olya,Оля,12,obj_27,"Науки пр-кт, 16к1",Калининский,701,350 000 000,KNRU#19/1313,right,,fresh_missing
2026-02-16T09:08:25,19,olya,Оля,13,obj_28,"Гражданский пр-кт, 113к3",Калининский,73.9,24 500 000,KNRU#20/1313,right,,fresh_missing
2026-02-16T09:08:25,19,olya,Оля,14,obj_29,"Гражданский пр-кт, 113к3",Калининский,48.4,15 400 000,KNRU#21/1313,right,,fresh_missing
2026-02-16T09:08:25,19,olya,Оля,15,obj_30,"Гражданский пр-кт, 113к3",Калининский,24.8,10 300 000,KNRU#22/1313,right,,fresh_missing
2026-02-16T09:08:26,19,olya,Оля,16,obj_32,"Каменноостровский пр-кт, 11 А",Петроградский,1178,450 000 000,KNRU#24/1313,right,,fresh_missing
2026-02-16T09:08:26,19,olya,Оля,17,obj_35,"Невский пр-кт, 72",Центральный,90,9 000 000,KNRU#26/1313,left,,fresh_missing
2026-02-16T09:08:31,20,olya,Оля,0,obj_39,"Комендантский пр-кт, 28к1",Приморский,653,70 000 000,KNRU#29/1313,right,,fresh_missing
2026-02-16T09:08:32,20,olya,Оля,1,obj_41,"Садовая ул, 42",Адмиралтейский,140.1,3 000 000,KNRU#30/1313,right,,fresh_missing
2026-02-16T09:08:32,20,olya,Оля,2,obj_42,"Московский пр-кт, 105-107",Московский,856,200 000 000,KNRU#31/1313,left,,fresh_missing
2026-02-16T09:08:32,20,olya,Оля,3,obj_43,"Гатчинская ул, 31-33",Петроградский,160,75 000 000,KNRU#32/1313,right,,fresh_missing
2026-02-16T09:08:32,20,olya,Оля,4,obj_46,"Верейская ул, 8",Адмиралтейский,57.7,12 000 000,KNRU#34/1313,right,,fresh_missing
2026-02-16T09:08:33,20,olya,Оля,5,obj_50,"Восстания ул, 33",Центральный,200,4 300 000,KNRU#37/1313,right,,fresh_missing
2026-02-16T09:08:33,20,olya,Оля,6,obj_52,"Бабушкина, 48",Невский,59,14 500 000,KNRU#38/1313,right,,fresh_missing
2026-02-16T09:08:33,20,olya,Оля,7,obj_53,"Канала Грибоедова наб, 59",Адмиралтейский,80,2 500 000,KNRU#40/1313,right,,fresh_missing
2026-02-16T09:08:34,20,olya,Оля,8,obj_58,"Восстания ул, 23/1",Центральный,107,7 900 000,KNRU#43/1313,left,,fresh_missing
2026-02-16T09:08:34,20,olya,Оля,9,obj_59,"Чернышевского, 13",Центральный,142,3 900 000,KNRU#44/1313,left,,fresh_missing
2026-02-16T09:08:34,20,olya,Оля,10,obj_64,"Профессора Попова ул, 38",Петроградский,5992,2 454 409 000,KNRU#47/1313,right,,fresh_missing
2026-02-16T09:08:57,21,olya,Оля,0,obj_66,"Большая Зеленина ул, 18",Петроградский,120,6 900 000,KNRU#49/1313,right,,fresh_missing
2026-02-16T09:08:57,21,olya,Оля,1,obj_67,"Английский пр-кт, 20 А",Не указан,127,18 000 000,Северо-Запад#22/588,left,,fresh_missing
2026-02-16T09:08:59,21,olya,Оля,2,obj_69,"Пирогова пер, 18",Адмиралтейский,750,20 000 000,KNRU#51/1313,right,,fresh_missing
2026-02-16T09:09:00,21,olya,Оля,3,obj_73,"Ленинский пр-кт, 147к2",Не указан,197,29 000 000,Северо-Запад#24/588,left,,fresh_missing
2026-02-16T09:09:00,21,olya,Оля,4,obj_77,"Полюстровский пр-кт, 87",Выборгский,127.7,51 100 000,KNRU#56/1313,right,,fresh_missing
2026-02-16T09:09:01,21,olya,Оля,5,obj_78,"Полюстровский пр-кт, 87",Выборгский,90.5,28 039 500,KNRU#57/1313,left,,fresh_missing
2026-02-16T09:09:01,21,olya,Оля,6,obj_80,"Заневский пр-кт, 42",Не указан,68.4,28 500 000,Северо-Запад#26/588,right,,fresh_missing
2026-02-16T09:09:01,21,olya,Оля,7,obj_81,"Светлановский пр-кт, 85",Калининский,141.4,53 017 500,KNRU#59/1313,left,,fresh_missing
2026-02-16T09:09:02,21,olya,Оля,8,obj_83,"Ленинградская обл, Кудрово г, Столичная ул, 4к3",Не указан,134,45 000 000,Северо-Запад#27/588,right,,fresh_missing
2026-02-16T09:09:02,21,olya,Оля,9,obj_84,"Шоссе в Лаврики ул, 78к1",Всеволожский,127,30 500 000,KNRU#61/1313,left,,fresh_missing
2026-02-16T09:09:03,21,olya,Оля,10,obj_86,"Стачек пр-кт, 41",Не указан,124.2,35 000 000,Северо-Запад#28/588,right,,fresh_missing
2026-02-16T09:09:03,21,olya,Оля,11,obj_87,"Маршала Казакова ул, 70к1 стр 2",Красносельский,365,90 000 000,KNRU#63/1313,right,,fresh_missing
2026-02-16T09:09:03,21,olya,Оля,12,obj_92,"Белорусская ул, 4",Не указан,1188.1,50 000 000,Северо-Запад#30/588,right,,fresh_missing
2026-02-16T09:09:03,21,olya,Оля,13,obj_93,"Гороховая ул, 27",Адмиралтейский,50,24 000 000,KNRU#67/1313,right,,fresh_missing
2026-02-16T09:09:04,21,olya,Оля,14,obj_101,"Захарьевская ул, 16",Центральный,180,6 900 000,KNRU#73/1313,left,,fresh_missing
2026-02-16T09:16:46,21,olya,Оля,15,obj_137,"Большеохтинский пр-кт, 15к1 А",Не указан,189.3,36 000 000,Северо-Запад#44/588,right,,fresh_missing
2026-02-16T09:16:48,21,olya,Оля,16,obj_150,"Косыгина пр-кт, 30к1 А",Не указан,6857,1 117 000 000,Северо-Запад#48/588,right,,fresh_missing
2026-02-16T09:16:50,21,olya,Оля,17,obj_168,"Троицкий пр-кт, 7",Не указан,391.4,110 000 000,Северо-Запад#54/588,left,,fresh_missing
2026-02-16T09:16:50,21,olya,Оля,18,obj_178,"Ленинградская обл, Всеволожск г, Дорога Жизни ш, 46",Не указан,53,11 000 000,Северо-Запад#57/588,right,,fresh_missing
2026-02-16T09:16:51,21,olya,Оля,19,obj_51,"Всеволожский пр-кт, 61",Всеволожский,1983,105 000 000,KNRU#778/1313|Северо-Запад#17/588,left,А с хрена ли у нас нет,missing
2026-02-16T09:16:52,21,olya,Оля,20,obj_96,"Реки Фонтанки наб, 89 А",Адмиралтейский,88.8,12 500 000,KNRU#807/1313|Северо-Запад#31/588,right,А с хрена ли у нас нет,missing
2026-02-16T09:16:52,21,olya,Оля,21,obj_99,"Демьяна Бедного ул, 28",Калининский,156,45 000 000,KNRU#581/1313|Северо-Запад#32/588,left,А с хрена ли у нас нет,missing
2026-02-16T09:16:52,21,olya,Оля,22,obj_102,"Авиаконструкторов пр-кт, 38",Приморский,153,43 000 000,KNRU#597/1313|Северо-Запад#33/588,right,А с хрена ли у нас нет,missing
2026-02-16T09:21:38,1,olya,Оля,61,obj_105,"Демьяна Бедного ул, 28",Калининский,125.2,35 000 000,KNRU#582/1313|Северо-Запад#34/588,right,А с хрена ли у нас нет,missing
2026-02-16T09:22:51,23,olya,Оля,0,obj_114,"Обуховской Обороны пр-кт, 243",Невский,112,27 000 000,KNRU#588/1313|Северо-Запад#37/588,right,А с хрена ли у нас нет,missing
2026-02-16T09:22:51,23,olya,Оля,1,obj_121,"Светлановский пр-кт, 109к1",Калининский,84.8,25 000 000,KNRU#595/1313|Северо-Запад#39/588,left,А с хрена ли у нас нет,missing
2026-02-16T09:22:52,23,olya,Оля,2,obj_211,"7-я В.О. линия, 30",Василеостровский,189.3,98 000 000,KNRU#448/1313|Северо-Запад#69/588,right,А с хрена ли у нас нет,missing
2026-02-16T09:23:24,23,olya,Оля,3,obj_370,"Гражданский пр-кт, 9к11 А",Калининский,234,50 000 000,KNRU#527/1313|Северо-Запад#128/588,left,А с хрена ли у нас нет,missing
2026-02-16T09:23:25,23,olya,Оля,4,obj_374,"Рентгена ул, 25стр1",Петроградский,326.8,104 000 000,KNRU#543/1313|Северо-Запад#129/588,right,А с хрена ли у нас нет,missing
2026-02-16T09:23:26,23,olya,Оля,5,obj_391,"Пискарёвский пр-кт, 6стр1",Калининский,1912,265 000 000,KNRU#1302/1313|Северо-Запад#135/588,left,А с хрена ли у нас нет,missing
2026-02-16T09:23:30,23,olya,Оля,6,obj_593,"Среднеохтинский пр-кт, 1к1",Красногвардейский,394.8,88 400 000,KNRU#523/1313|Северо-Запад#204/588,right,А с хрена ли у нас нет,missing
2026-02-16T09:23:37,23,olya,Оля,7,obj_614,"Шелгунова ул, 12",Невский,628.9,200 000 000,KNRU#471/1313|Северо-Запад#251/588,right,А с хрена ли у нас нет,missing
2026-02-16T09:23:42,23,olya,Оля,8,obj_619,"Шелгунова ул, 12",Невский,239.5,47 500 000,KNRU#476/1313|Северо-Запад#252/588,right,А с хрена ли у нас нет,missing
2026-02-16T09:23:42,23,olya,Оля,9,obj_807,"Науки пр-кт, 47к2",Калининский,549,94 900 000,KNRU#627/1313|Северо-Запад#543/588,right,А с хрена ли у нас нет,missing
2026-02-16T09:23:43,23,olya,Оля,10,obj_843,"Героев, 27",Красносельский,226,47 000 000,KNRU#1279/1313|Северо-Запад#293/588,left,А с хрена ли у нас нет,missing
2026-02-16T09:23:44,23,olya,Оля,11,obj_1399,"Караваевская ул, 23 А",Не указан,4596,350 000 000,KNRU#1084/1313|Северо-Запад#550/588,right,А с хрена ли у нас нет,missing
2026-02-16T09:25:19,23,olya,Оля,12,obj_768,"Авиаконструкторов пр-кт, 1",Приморский,53,18 000 000,KNRU#596/1313|Северо-Запад#580/588,left,Неточное совпадение,inexact
2026-02-16T09:25:19,23,olya,Оля,13,obj_127,"Прибрежная ул, 4",Невский,60,15 000 000,KNRU#586/1313|Северо-Запад#41/588,left,У нас дороже,ours_higher
2026-02-16T09:25:20,23,olya,Оля,14,obj_153,"Лиговский, 19",Московский,92.2,49 900 000,KNRU#625/1313|Северо-Запад#49/588,right,У нас дороже,ours_higher
2026-02-16T09:25:20,23,olya,Оля,15,obj_506,"2-я Советская, 10",Центральный,157,49 000 000,KNRU#1278/1313|Северо-Запад#172/588,right,У нас дороже,ours_higher
2026-02-16T09:25:21,23,olya,Оля,16,obj_589,"Выборгское ш, 17к1",Выборгский,325.5,86 500 000,KNRU#453/1313|Северо-Запад#249/588,left,У нас дороже,ours_higher
2026-02-16T09:25:21,23,olya,Оля,17,obj_715,"Дальневосточный пр-кт, 42ке",Невский,166.3,40 000 000,KNRU#549/1313|Северо-Запад#323/588,right,У нас дороже,ours_higher
2026-02-16T09:25:23,23,olya,Оля,18,obj_1075,"Стачек пр-кт, 75",Не указан,133.8,55 000 000,KNRU#1252/1313|Северо-Запад#374/588,left,У нас дороже,ours_higher
2026-02-16T09:25:23,23,olya,Оля,19,obj_82,"Маяковского ул, 7",Центральный,142,82 900 000,KNRU#60/1313|Северо-Запад#141/588,right,У нас дешевле >10%,ours_lower
2026-02-16T09:25:24,23,olya,Оля,20,obj_207,"Гривцова пер, 13/11 А",Адмиралтейский,42,31 500 000,KNRU#475/1313|Северо-Запад#68/588,left,,
2026-02-16T09:25:24,23,olya,Оля,21,obj_268,"Коломенская ул, 46",Центральный,110.7,32 000 000,KNRU#496/1313|Северо-Запад#87/588,right,,
2026-02-16T09:34:10,23,olya,Оля,22,obj_743,"Школьная ул, 68",Приморский,200,47 900 000,KNRU#570/1313|Северо-Запад#391/588,right,,
2026-02-16T09:34:11,23,olya,Оля,23,obj_748,"Европейский пр-кт, 22",Не указан,77.5,11 500 000,KNRU#1225/1313|Северо-Запад#257/588,right,,
2026-02-16T09:34:57,23,olya,Оля,0,obj_1,"25 Октября пр-кт, 37а",Гатчинский муниципальный район,230,10 000 000,KNRU#1/1313,right,,
2026-02-16T09:36:28,26,olya,Оля,0,obj_3,"-, -",Не указан,55,8 500 000,Северо-Запад#1/588,right,,
2026-02-16T09:36:29,26,olya,Оля,1,obj_4,"Отдыха ул, 6 А",Курортный,26647,1 700 000 000,KNRU#3/1313,left,,
2026-02-16T09:36:29,26,olya,Оля,2,obj_8,"13-я В.О. линия, 50",Василеостровский,1000,482 196 523,KNRU#6/1313,right,,
2026-02-16T09:36:29,26,olya,Оля,3,obj_11,"Леонова ул, 5",Чкаловский,707,77 700 000,KNRU#8/1313,right,,
2026-02-16T09:36:40,27,olya,Оля,0,obj_12,"Муринская дор, 4к1",Не указан,229,92 500 000,Северо-Запад#4/588,right,,
2026-02-16T09:36:40,27,olya,Оля,1,obj_13,"Лиговский пр-кт, 56Б",Центральный,86.1,21 525 000,KNRU#9/1313,left,,
2026-02-16T09:36:40,27,olya,Оля,2,obj_14,"Лиговский пр-кт, 56Б",Центральный,52.5,14 962 500,KNRU#10/1313,right,,
2026-02-16T09:36:41,27,olya,Оля,3,obj_15,"Лиговский пр-кт, 56Б",Центральный,82.7,20 675 000,KNRU#11/1313,left,,
2026-02-16T09:36:42,27,olya,Оля,4,obj_16,"Ленинградская обл, Кудрово г, Строителей пр-кт, 16",Не указан,79.3,20 000 000,Северо-Запад#5/588,right,,
2026-02-16T09:36:42,27,olya,Оля,5,obj_17,"Маршала Блюхера пр-кт, 74к2 стр 1",Не указан,2364,283 680 000,KNRU#12/1313,left,,
2026-02-16T09:37:04,27,olya,Оля,6,obj_19,"Фёдора Котанова ул, 5к1стр1",Не указан,104.7,51 400 000,Северо-Запад#6/588,right,,
2026-02-16T09:37:06,27,olya,Оля,7,obj_20,"проспект Будённого, 18к4",Петродворцовый,244,80 520 000,KNRU#14/1313,left,,
2026-02-16T09:37:07,27,olya,Оля,8,obj_21,"проспект Будённого, 18к4",Петродворцовый,93,32 550 000,KNRU#15/1313,left,,
2026-02-16T09:38:44,28,olya,Оля,0,obj_23,"Чайковского ул, 12а Л",Центральный,724,175 000 000,KNRU#16/1313,right,,
2026-02-16T09:38:45,28,olya,Оля,1,obj_24,"Чайковского ул, 12а Л",Центральный,192,41 000 000,KNRU#17/1313,left,,
2026-02-16T09:38:46,28,olya,Оля,2,obj_34,"9-я В.О. линия, 32",Василеостровский,190,95 000 000,KNRU#25/1313,right,,
2026-02-16T09:39:14,28,olya,Оля,0,obj_22,"Песочный п, Школьная ул, 80",Не указан,85,24 000 000,Северо-Запад#7/588,right,,
2026-02-16T09:39:14,28,olya,Оля,1,obj_22,"Песочный п, Школьная ул, 80",Не указан,85,24 000 000,Северо-Запад#7/588,left,,
2026-02-16T09:39:15,28,olya,Оля,2,obj_22,"Песочный п, Школьная ул, 80",Не указан,85,24 000 000,Северо-Запад#7/588,right,,
2026-02-16T09:39:15,28,olya,Оля,3,obj_22,"Песочный п, Школьная ул, 80",Не указан,85,24 000 000,Северо-Запад#7/588,left,,
2026-02-16T09:39:15,28,olya,Оля,4,obj_22,"Песочный п, Школьная ул, 80",Не указан,85,24 000 000,Северо-Запад#7/588,right,,
2026-02-16T09:39:15,28,olya,Оля,5,obj_22,"Песочный п, Школьная ул, 80",Не указан,85,24 000 000,Северо-Запад#7/588,right,,
2026-02-16T09:39:16,28,olya,Оля,6,obj_22,"Песочный п, Школьная ул, 80",Не указан,85,24 000 000,Северо-Запад#7/588,left,,
2026-02-16T09:39:16,28,olya,Оля,7,obj_22,"Песочный п, Школьная ул, 80",Не указан,85,24 000 000,Северо-Запад#7/588,left,,
2026-02-16T09:39:17,28,olya,Оля,8,obj_22,"Песочный п, Школьная ул, 80",Не указан,85,24 000 000,Северо-Запад#7/588,right,,
2026-02-16T09:39:17,28,olya,Оля,9,obj_22,"Песочный п, Школьная ул, 80",Не указан,85,24 000 000,Северо-Запад#7/588,right,,
2026-02-16T09:39:17,28,olya,Оля,10,obj_22,"Песочный п, Школьная ул, 80",Не указан,85,24 000 000,Северо-Запад#7/588,right,,
2026-02-16T09:39:17,28,olya,Оля,11,obj_22,"Песочный п, Школьная ул, 80",Не указан,85,24 000 000,Северо-Запад#7/588,right,,
2026-02-16T09:39:18,28,olya,Оля,12,obj_22,"Песочный п, Школьная ул, 80",Не указан,85,24 000 000,Северо-Запад#7/588,right,,
2026-02-16T09:39:18,28,olya,Оля,13,obj_22,"Песочный п, Школьная ул, 80",Не указан,85,24 000 000,Северо-Запад#7/588,left,,
2026-02-16T09:39:18,28,olya,Оля,14,obj_22,"Песочный п, Школьная ул, 80",Не указан,85,24 000 000,Северо-Запад#7/588,left,,
2026-02-16T09:39:18,28,olya,Оля,15,obj_22,"Песочный п, Школьная ул, 80",Не указан,85,24 000 000,Северо-Запад#7/588,left,,
2026-02-16T09:39:20,28,olya,Оля,0,obj_22,"Песочный п, Школьная ул, 80",Не указан,85,24 000 000,Северо-Запад#7/588,right,,
2026-02-16T09:39:21,28,olya,Оля,1,obj_22,"Песочный п, Школьная ул, 80",Не указан,85,24 000 000,Северо-Запад#7/588,left,,
2026-02-16T09:39:21,28,olya,Оля,2,obj_22,"Песочный п, Школьная ул, 80",Не указан,85,24 000 000,Северо-Запад#7/588,left,,
2026-02-16T09:39:23,28,olya,Оля,0,obj_22,"Песочный п, Школьная ул, 80",Не указан,85,24 000 000,Северо-Запад#7/588,right,,
2026-02-16T09:39:24,28,olya,Оля,1,obj_22,"Песочный п, Школьная ул, 80",Не указан,85,24 000 000,Северо-Запад#7/588,left,,
2026-02-16T09:39:24,28,olya,Оля,2,obj_22,"Песочный п, Школьная ул, 80",Не указан,85,24 000 000,Северо-Запад#7/588,left,,
2026-02-16T09:39:24,28,olya,Оля,3,obj_22,"Песочный п, Школьная ул, 80",Не указан,85,24 000 000,Северо-Запад#7/588,right,,
2026-02-16T09:39:28,28,olya,Оля,0,obj_25,"Ленинградская обл, Мистолово д, -, -",Не указан,12027,120 000 000,Северо-Запад#8/588,right,,
2026-02-16T09:39:33,28,olya,Оля,1,obj_33,"Кронштадт г, Тулонская ал, 10стр1",Не указан,64.9,22 000 000,Северо-Запад#11/588,left,,
2026-02-16T09:39:34,28,olya,Оля,2,obj_37,"Гороховая ул, 11",Адмиралтейский,118,5 000 000,KNRU#27/1313,right,,
2026-02-16T09:39:35,28,olya,Оля,3,obj_38,"Московский пр-кт, 43",Адмиралтейский,17,7 000 000,KNRU#28/1313,left,,
2026-02-16T09:39:38,28,olya,Оля,4,obj_45,"Парфёновская ул, -",Не указан,7861,700 000 000,Северо-Запад#15/588,right,,
2026-02-16T09:39:39,28,olya,Оля,5,obj_47,"Кондратьевский пр-кт, 49",Калининский,201,59 900 000,KNRU#35/1313,left,,
2026-02-16T09:39:42,28,olya,Оля,6,obj_48,"Малая Митрофаньевская ул, -",Не указан,7233,700 000 000,Северо-Запад#16/588,left,,
2026-02-16T09:39:44,28,olya,Оля,7,obj_49,"1-я Никитинская ул, 16",Приморский,4500,850 000 000,KNRU#36/1313,left,,
2026-02-16T09:39:49,28,olya,Оля,8,obj_54,"Кубинская ул, 4к1 А",Не указан,4850,430 000 000,Северо-Запад#18/588,left,,
2026-02-16T09:39:50,28,olya,Оля,9,obj_55,"Казанская ул, 29",Адмиралтейский,140,5 500 000,KNRU#41/1313,right,,
2026-02-16T09:39:50,28,olya,Оля,10,obj_56,"Дыбенко ул, 1к2",Невский,500,90 000 000,KNRU#42/1313,right,,
2026-02-16T09:39:53,28,olya,Оля,11,obj_57,"Ленинградская обл, Щеглово массив, -, -",Не указан,353313,570 000 000,Северо-Запад#19/588,left,,
2026-02-16T09:39:55,28,olya,Оля,12,obj_60,"Ленинградская обл, Фёдоровское гп, -, -",Не указан,166853,250 000 000,Северо-Запад#20/588,left,,
2026-02-16T09:39:58,28,olya,Оля,13,obj_61,"Торфяная дор, 17к6",Приморский,2290,180 000 000,KNRU#45/1313,left,,
2026-02-16T09:39:59,28,olya,Оля,14,obj_62,"Большая Разночинная ул, 4",Петроградский,82,6 000 000,KNRU#46/1313,left,,
2026-02-16T09:40:45,28,olya,Оля,15,obj_63,"Ветеранов пр-кт, 198",Не указан,25,14 300 000,Северо-Запад#21/588,right,,
2026-02-16T09:40:45,28,olya,Оля,16,obj_65,"Александра Блока ул, 5",Адмиралтейский,106.8,46 992 000,KNRU#48/1313,left,,
2026-02-16T09:40:47,28,olya,Оля,17,obj_68,"Ириновский пр-кт, 38",Красногвардейский,79,27 646 500,KNRU#50/1313,left,,
2026-02-16T09:40:53,28,olya,Оля,18,obj_70,"Ленинградская обл, Орехово п. ж/д ст., Главная ул, 50/1",Не указан,688.3,165 000 000,Северо-Запад#23/588,left,,
2026-02-16T09:40:59,28,olya,Оля,19,obj_71,"Бухарестская ул, 39к1",Фрунзенский,28.1,17 000 000,KNRU#52/1313,left,,
2026-02-16T09:41:02,28,olya,Оля,20,obj_72,"Реки Малой Невки наб, 33а",Петроградский,1465.5,600 000 000,KNRU#53/1313,left,,
2026-02-16T09:41:03,28,olya,Оля,21,obj_74,"Серпуховская ул, 37 Б",Адмиралтейский,1322.6,240 000 000,KNRU#54/1313,left,,
2026-02-16T09:41:04,28,olya,Оля,22,obj_75,"Реки Пряжки наб, 7а",Адмиралтейский,94.5,76 000 000,KNRU#55/1313,left,,
2026-02-16T09:41:12,28,olya,Оля,23,obj_76,"Шушары п, Нины Петровой ул, 8к1",Не указан,152,48 600 000,Северо-Запад#25/588,left,,
2026-02-16T09:41:13,28,olya,Оля,24,obj_79,"Стачек пр-кт, 62",Кировский,45.1,10 598 500,KNRU#58/1313,right,,
2026-02-16T09:41:29,28,olya,Оля,25,obj_85,"Большой П.С. пр-кт, 38 40",Петроградский,198,46 000 000,KNRU#62/1313,right,,
2026-02-16T09:41:30,28,olya,Оля,26,obj_88,"Маяковского ул, 16",Центральный,72,48 600 000,KNRU#64/1313,right,,
2026-02-16T09:41:34,28,olya,Оля,27,obj_89,"Южное ш, 57к2 А",Не указан,84.6,29 800 000,Северо-Запад#29/588,left,,
2026-02-16T09:41:47,28,olya,Оля,28,obj_90,"Менделеева б-р, 11к3",Мурино,500,17 900 000,KNRU#65/1313,left,,
2026-02-16T09:43:19,28,olya,Оля,0,obj_91,"Гороховая ул, 27",Адмиралтейский,55,22 000 000,KNRU#66/1313,left,,
2026-02-16T09:43:20,28,olya,Оля,1,obj_94,"Полюстровский пр-кт, 83 И",Калининский,6902,300 000 000,KNRU#68/1313,right,,
2026-02-16T09:43:22,28,olya,Оля,2,obj_95,"Мурманское шоссе 12-й км, 2А",Не указан,2880,285 120 000,KNRU#69/1313,left,,
2026-02-16T09:43:23,28,olya,Оля,3,obj_97,"Мурманское шоссе 12-й км, 2А",Не указан,1440,142 560 000,KNRU#70/1313,left,,
2026-02-16T09:43:29,28,olya,Оля,4,obj_98,"Швецова ул, 30",Не указан,893,77 000 000,KNRU#71/1313,left,,
2026-02-16T09:43:31,28,olya,Оля,5,obj_100,"Республиканская ул, 8А",Красногвардейский,728.4,158 000 000,KNRU#72/1313,left,,
2026-02-16T09:45:55,29,olya,Оля,0,obj_103,"Жуковского ул, 7-9",Центральный,182,89 900 000,KNRU#74/1313,right,,
2026-02-16T09:45:57,29,olya,Оля,1,obj_104,"Воронцовский б-р, 17",Всеволожский,149,62 000 000,KNRU#75/1313,right,,
2026-02-16T09:45:58,29,olya,Оля,2,obj_107,"Гранитная ул, 42 А",Красногвардейский,1339.7,385 819 200,KNRU#77/1313,right,,
2026-02-16T09:45:59,29,olya,Оля,3,obj_108,"Добролюбова пр-кт, 18а А",Петроградский,414,148 212 000,KNRU#78/1313,right,,
2026-02-16T09:46:02,29,olya,Оля,4,obj_110,"Ланское ш, 65литераА",Приморский,49,26 000 000,KNRU#80/1313,right,,
2026-02-16T09:46:03,29,olya,Оля,5,obj_112,"Ланское ш, 65литераА",Приморский,137,43 000 000,KNRU#81/1313,right,,
2026-02-16T09:46:10,29,olya,Оля,6,obj_113,"Ланское ш, 65литераА",Приморский,190,49 000 000,KNRU#82/1313,right,,
2026-02-16T09:46:23,29,olya,Оля,7,obj_115,Новоселье п.,Не указан,99.8,24 960 000,KNRU#83/1313,left,,
2026-02-16T09:46:24,29,olya,Оля,8,obj_116,Новоселье п.,Не указан,94.8,23 692 500,KNRU#84/1313,left,,
2026-02-16T09:46:25,29,olya,Оля,9,obj_118,Янино-1 уч-к,Не указан,88.3,15 830 397,KNRU#85/1313,right,,
2026-02-16T10:06:42,31,olya,Оля,0,obj_119,Янино-1 уч-к,Не указан,64.1,12 629 166,KNRU#86/1313,left,,
2026-02-16T10:06:44,31,olya,Оля,1,obj_120,Новоселье п.,Не указан,72.9,14 582 000,KNRU#87/1313,left,,
2026-02-16T10:07:27,34,olya,Оля,0,obj_113,"Ланское ш, 65литераА",Приморский,190,49 000 000,KNRU#82/1313,left,,
2026-02-16T10:07:28,34,olya,Оля,1,obj_122,Новоселье п.,Не указан,67.1,13 412 000,KNRU#88/1313,right,,
2026-02-16T10:07:29,34,olya,Оля,2,obj_123,"Лаголово дер., 2",Лаголово,18.9,8 492 148,KNRU#89/1313,left,,
2026-02-16T10:07:30,34,olya,Оля,3,obj_125,Лаголово дер.,Не указан,85.1,14 516 358,KNRU#90/1313,left,,
2026-02-16T10:07:31,34,olya,Оля,4,obj_126,Лаголово дер.,Не указан,43.2,9 035 280,KNRU#91/1313,right,,
2026-02-16T10:07:31,34,olya,Оля,5,obj_128,Лаголово дер.,Не указан,57.8,12 088 870,KNRU#92/1313,left,,
2026-02-16T10:07:43,34,olya,Оля,6,obj_129,Мурино г.,Не указан,54.7,14 799 228,KNRU#93/1313,right,,
2026-02-16T10:07:44,34,olya,Оля,7,obj_131,Мурино г.,Не указан,73.8,18 334 666,KNRU#94/1313,left,,
2026-02-16T10:07:44,34,olya,Оля,8,obj_132,Скотное дер.,Не указан,88.8,13 326 000,KNRU#95/1313,right,,
2026-02-16T10:07:45,34,olya,Оля,9,obj_133,Скотное дер.,Не указан,50.9,7 627 500,KNRU#96/1313,left,,
2026-02-16T10:07:45,34,olya,Оля,10,obj_135,Скотное дер.,Не указан,64.2,9 625 500,KNRU#97/1313,right,,
2026-02-16T10:07:56,34,olya,Оля,11,obj_136,Скотное дер.,Не указан,43.7,7 040 530,KNRU#98/1313,left,,
2026-02-16T10:07:57,34,olya,Оля,12,obj_138,Скотное дер.,Не указан,82.3,12 348 000,KNRU#99/1313,right,,
2026-02-16T10:07:57,34,olya,Оля,13,obj_139,Скотное дер.,Не указан,86.4,12 964 500,KNRU#100/1313,left,,
2026-02-16T10:08:00,34,olya,Оля,14,obj_140,"Гражданский пр-кт, 88к3",Не указан,95.7,24 882 000,Северо-Запад#45/588,right,,
2026-02-16T10:08:02,34,olya,Оля,15,obj_141,Виллозское г.п.,Не указан,147.1,35 180 337,KNRU#101/1313,left,,
2026-02-16T10:08:03,34,olya,Оля,16,obj_142,Виллозское г.п.,Не указан,105.7,24 842 779,KNRU#102/1313,left,,
2026-02-16T10:08:05,34,olya,Оля,17,obj_144,Виллозское г.п.,Не указан,102.9,24 529 043,KNRU#103/1313,left,,
2026-02-16T10:08:05,34,olya,Оля,18,obj_145,Виллозское г.п.,Не указан,124.8,27 273 424,KNRU#104/1313,right,,
2026-02-16T10:08:06,34,olya,Оля,19,obj_147,Виллозское г.п.,Не указан,166.7,39 579 336,KNRU#105/1313,right,,
2026-02-16T10:08:06,34,olya,Оля,20,obj_148,Виллозское г.п.,Не указан,139.6,30 477 987,KNRU#106/1313,right,,
2026-02-16T10:08:07,34,olya,Оля,21,obj_149,Виллозское г.п.,Не указан,94.8,23 770 338,KNRU#107/1313,right,,
2026-02-16T10:08:09,34,olya,Оля,22,obj_151,Лаголово дер.,Не указан,116.9,20 120 828,KNRU#108/1313,right,,
2026-02-16T10:08:10,34,olya,Оля,23,obj_152,Лаголово дер.,Не указан,112.1,18 198 314,KNRU#109/1313,right,,
2026-02-16T10:08:10,34,olya,Оля,24,obj_154,Лаголово дер.,Не указан,33.4,10 427 480,KNRU#110/1313,right,,
2026-02-16T10:08:11,34,olya,Оля,25,obj_155,"Центральная ул., д. 30 к 2",Не указан,69.8,14 786 888,KNRU#111/1313,right,,
2026-02-16T10:09:14,34,olya,Оля,0,obj_156,"Маршала Жукова пр-кт, 28к1",Не указан,72.5,36 500 000,Северо-Запад#50/588,right,,
2026-02-16T10:09:15,34,olya,Оля,1,obj_157,"Центральная ул., д. 30 к 2",Не указан,109.2,19 236 888,KNRU#112/1313,left,,
2026-02-16T10:10:12,34,olya,Оля,2,obj_158,"Центральная ул., д. 30 к 2",Не указан,94.5,16 620 888,KNRU#113/1313,right,,
2026-02-16T10:10:28,34,olya,Оля,0,obj_160,Новосаратовка дер.,Не указан,128.8,27 611 227,KNRU#115/1313,right,,
2026-02-16T10:10:29,34,olya,Оля,1,obj_161,Новосаратовка дер.,Не указан,220.1,46 407 726,KNRU#116/1313,left,,
2026-02-16T10:10:31,34,olya,Оля,0,obj_159,"Большая Пороховская ул, 29",Не указан,205.6,39 900 000,Северо-Запад#51/588,left,,
2026-02-16T10:11:03,34,olya,Оля,1,obj_165,"Маршала Захарова ул, 18к1",Не указан,185,37 000 000,Северо-Запад#53/588,right,,
2026-02-16T10:14:55,33,olya,Оля,0,obj_821,"Садовая, 77",Адмиралтейский,77,21 590 000,KNRU#637/1313,right,Срочно удалить дубль,duplicate_exact
2026-02-16T10:14:59,33,olya,Оля,1,obj_1534,"Луначарского пр-кт, 52к1 А",Не указан,332.5,47 000 000,Северо-Запад#530/588,right,Срочно удалить дубль,duplicate_exact
2026-02-16T10:15:00,33,olya,Оля,2,obj_1534,"Луначарского пр-кт, 52к1 А",Не указан,332.5,47 000 000,Северо-Запад#530/588,right,Срочно удалить дубль,duplicate_exact
2026-02-16T10:15:00,33,olya,Оля,3,obj_1534,"Луначарского пр-кт, 52к1 А",Не указан,332.5,47 000 000,Северо-Запад#530/588,left,Срочно удалить дубль,duplicate_exact
2026-02-16T10:15:01,33,olya,Оля,4,obj_1534,"Луначарского пр-кт, 52к1 А",Не указан,332.5,47 000 000,Северо-Запад#530/588,left,Срочно удалить дубль,duplicate_exact
2026-02-16T10:15:01,33,olya,Оля,5,obj_1534,"Луначарского пр-кт, 52к1 А",Не указан,332.5,47 000 000,Северо-Запад#530/588,right,Срочно удалить дубль,duplicate_exact
2026-02-16T10:15:02,33,olya,Оля,6,obj_1534,"Луначарского пр-кт, 52к1 А",Не указан,332.5,47 000 000,Северо-Запад#530/588,right,Срочно удалить дубль,duplicate_exact
2026-02-16T10:15:03,33,olya,Оля,7,obj_1534,"Луначарского пр-кт, 52к1 А",Не указан,332.5,47 000 000,Северо-Запад#530/588,right,Срочно удалить дубль,duplicate_exact
2026-02-16T10:15:03,33,olya,Оля,8,obj_1534,"Луначарского пр-кт, 52к1 А",Не указан,332.5,47 000 000,Северо-Запад#530/588,right,Срочно удалить дубль,duplicate_exact
2026-02-16T10:15:03,33,olya,Оля,9,obj_1534,"Луначарского пр-кт, 52к1 А",Не указан,332.5,47 000 000,Северо-Запад#530/588,right,Срочно удалить дубль,duplicate_exact
2026-02-16T10:15:04,33,olya,Оля,10,obj_1534,"Луначарского пр-кт, 52к1 А",Не указан,332.5,47 000 000,Северо-Запад#530/588,right,Срочно удалить дубль,duplicate_exact
2026-02-16T10:15:14,33,olya,Оля,0,obj_163,Новосаратовка дер.,Не указан,360,147 450 456,KNRU#117/1313,right,,
2026-02-16T10:15:15,33,olya,Оля,1,obj_164,Новосаратовка дер.,Не указан,75.2,17 975 542,KNRU#118/1313,right,,
2026-02-16T10:15:17,33,olya,Оля,2,obj_166,Лаголово дер.,Не указан,31.6,8 999 996,KNRU#119/1313,right,,
2026-02-16T10:15:19,33,olya,Оля,3,obj_167,Лаголово дер.,Не указан,239.3,76 678 213,KNRU#120/1313,right,,
2026-02-16T10:15:20,33,olya,Оля,4,obj_169,Лаголово дер.,Не указан,79.2,19 733 473,KNRU#121/1313,right,,
2026-02-16T10:15:21,33,olya,Оля,5,obj_170,Лаголово дер.,Не указан,170.4,38 632 258,KNRU#122/1313,right,,
2026-02-16T10:15:53,33,olya,Оля,6,obj_171,"Пейзажная ул, 28к1стр1",Не указан,643,170 000 000,Северо-Запад#55/588,right,,
2026-02-16T10:15:54,33,olya,Оля,7,obj_172,Лаголово дер.,Не указан,129.6,31 225 857,KNRU#123/1313,left,,
2026-02-16T10:19:09,33,olya,Оля,8,obj_173,Лаголово дер.,Не указан,80.4,20 143 360,KNRU#124/1313,right,,
2026-02-16T10:19:10,33,olya,Оля,9,obj_174,Лаголово дер.,Не указан,87.4,26 165 124,KNRU#125/1313,left,,
2026-02-16T10:19:13,33,olya,Оля,10,obj_175,"Ленинградская обл, посёлок Пески, -, -",Не указан,10000,50 000 000,Северо-Запад#56/588,right,,
2026-02-16T10:19:14,33,olya,Оля,11,obj_176,Лаголово дер.,Не указан,38.7,12 694 636,KNRU#126/1313,right,,
2026-02-16T10:19:18,33,olya,Оля,12,obj_177,Лаголово дер.,Не указан,145.6,34 113 127,KNRU#127/1313,left,,
2026-02-16T10:19:19,33,olya,Оля,13,obj_179,Лаголово дер.,Не указан,185.8,39 348 807,KNRU#128/1313,right,,
2026-02-16T10:19:19,33,olya,Оля,14,obj_180,Лаголово дер.,Не указан,98.4,27 479 687,KNRU#129/1313,right,,
2026-02-16T10:19:23,33,olya,Оля,15,obj_181,"Ново-кировское шоссе, -",Не указан,20000,100 000 000,Северо-Запад#58/588,left,,
2026-02-16T10:33:08,33,olya,Оля,16,obj_182,"Чехова ул., д. 39",Не указан,71.6,14 434 560,KNRU#130/1313,left,,
2026-02-16T10:33:10,33,olya,Оля,17,obj_183,Мурино г.,Не указан,86.9,23 093 505,KNRU#131/1313,left,,
2026-02-16T10:33:13,33,olya,Оля,18,obj_184,"1-й Предпортовый проезд, 15стр1",Не указан,149,43 200 000,Северо-Запад#59/588,left,,
2026-02-16T10:33:13,33,olya,Оля,19,obj_185,"Центральная ул., д. 30 к 1",Не указан,85.2,15 427 887,KNRU#132/1313,left,,
2026-02-16T10:33:14,33,olya,Оля,20,obj_186,"Центральная ул., д. 30 к 1",Не указан,119.8,21 494 887,KNRU#133/1313,right,,
2026-02-16T10:33:17,33,olya,Оля,21,obj_187,"Уманский пер, 71",Не указан,7314,65 000 000,Северо-Запад#60/588,left,,
2026-02-16T10:33:20,33,olya,Оля,22,obj_188,"Центральная ул., д. 30 к 1",Не указан,128,22 582 888,KNRU#134/1313,left,,
2026-02-16T10:33:20,33,olya,Оля,23,obj_189,"Центральная ул., д. 30 к 1",Не указан,151.6,26 626 888,KNRU#136/1313,left,,
2026-02-16T10:33:24,33,olya,Оля,24,obj_190,"Ленинградская обл, Токсово гп, Ленинградское ш, -",Не указан,1500,150 000 000,Северо-Запад#61/588,left,,
2026-02-16T10:33:25,33,olya,Оля,25,obj_191,"Центральная ул., д. 30 к 1",Не указан,105.1,20 207 887,KNRU#137/1313,left,,
2026-02-16T10:33:29,33,olya,Оля,26,obj_192,"Лужская ул, 10к1 литера Б",Не указан,210,35 800 000,Северо-Запад#62/588,right,,
2026-02-16T10:33:29,33,olya,Оля,27,obj_193,"Центральная ул., д. 30 к 1",Не указан,98,18 210 887,KNRU#140/1313,right,,
2026-02-16T10:33:33,33,olya,Оля,28,obj_194,"Ленинградская обл, Аннино п, 10-й Пятилетки ул, 2А",Не указан,83.3,11 000 000,Северо-Запад#63/588,left,,
2026-02-16T10:47:21,29,olya,Оля,10,obj_119,Янино-1 уч-к,Не указан,64.1,12 629 166,KNRU#86/1313,right,,
2026-02-16T10:47:22,29,olya,Оля,11,obj_195,"Мира ул., д. 9/1",Не указан,35.3,5 955 110,KNRU#141/1313,left,,
2026-02-16T10:47:23,29,olya,Оля,12,obj_196,"Мира ул., д. 9/1",Не указан,76,11 414 760,KNRU#142/1313,right,,
2026-02-16T10:47:40,29,olya,Оля,13,obj_197,"Ленинградская обл, Бугры п, Шекспира ул, 7",Не указан,120.3,36 090 000,Северо-Запад#64/588,right,,
2026-02-16T10:47:45,29,olya,Оля,14,obj_198,"Мира ул., д. 9/1",Не указан,81,12 362 880,KNRU#143/1313,left,,
2026-02-16T10:47:46,29,olya,Оля,15,obj_199,"Мира ул., д. 9/1",Не указан,54,8 726 400,KNRU#145/1313,left,,
2026-02-16T10:48:35,29,olya,Оля,16,obj_200,"Ленинградская обл, Дружная Горка гп, Садовая ул, 5",Не указан,1700,15 000 000,Северо-Запад#65/588,left,,
